[{"username":"blair","roles":{"User":2001},"password":"$2b$10$aunRcfTvGXiUpZ1ZFLUpMu1VARJ6QA0VZsWEIP8i.BrXWtCiL/n26","refreshToken":"eyJhbGciOiJIUzI1NiIsInR5cCI6IkpXVCJ9.eyJ1c2VybmFtZSI6ImJsYWlyIiwiaWF0IjoxNjc4MjI4MjQ4LCJleHAiOjE2NzgzMTQ2NDh9.UDkcHG0Rh5i0uXKWbYub-fKaOuyqhcwmjn6jARXDlFU"},{"username":"wade","roles":{"User":2001,"Admin":5150},"password":"$2b$10$6FoaXJOoL1ppig5F0YDrKO1XEiD4qqt2z8ljBeMs50PocXJXckyM6","refreshToken":"eyJhbGciOiJIUzI1NiIsInR5cCI6IkpXVCJ9.eyJ1c2VybmFtZSI6IndhZGUiLCJpYXQiOjE2Nzg1NjQ5MTMsImV4cCI6MTY3ODY1MTMxM30.cy6WbZDX_igVvNRdDjwi9KL17xKYPaxhQjGb53qUHMU"},{"username":"walt2","roles":{"User":2001,"Editor":1984},"password":"$2b$10$cvfmz./teMWDccIMChAxZ.HqgL3eoQGYTm1z9lGy5iRf8D7NNargC","refreshToken":"eyJhbGciOiJIUzI1NiIsInR5cCI6IkpXVCJ9.eyJ1c2VybmFtZSI6IndhbHQyIiwiaWF0IjoxNjc4NTY3MDk3LCJleHAiOjE2Nzg2NTM0OTd9.BD0BrC9Skda4yMYqQ-YWhqKnjGUoXJ6Cyjjj2eerdF0"},{"username":"admin","roles":{"User":2001},"password":"$2b$10$o9CMSrnCDHR6Ys3/b7XK1OHPnzBk1VDeYTxgAe333Ilpcm2O1iQY2","refreshToken":"eyJhbGciOiJIUzI1NiIsInR5cCI6IkpXVCJ9.eyJ1c2VybmFtZSI6ImFkbWluIiwiaWF0IjoxNjc4NTY4MDAwLCJleHAiOjE2Nzg2NTQ0MDB9.mqeg1Z14FXzzLnLdwcDsZQpL5E1lG65sZW5CbvZFP08"},{"username":"dave1","roles":{"User":2001},"password":"$2b$10$oEbHZlazDHE1YnnJ4XdpGuGh9a/JZOO7Xe6WZtRRsSMgprxMXnKza","refreshToken":"eyJhbGciOiJIUzI1NiIsInR5cCI6IkpXVCJ9.eyJ1c2VybmFtZSI6ImRhdmUxIiwiaWF0IjoxNjc4NTg0ODIzLCJleHAiOjE2Nzg2NzEyMjN9.MdwD3aZ4MQIFfaWUKChobHez6cNP5-SrG2XTTnWkwxc"},{"username":"walt1","roles":{"User":2001,"Editor":1984,"Admin":5150},"password":"$2b$10$33Q9jtAoaXC4aUX9Bjihxum2BHG.ENB6JyoCvPjnuXpITtUd8x8/y","refreshToken":"eyJhbGciOiJIUzI1NiIsInR5cCI6IkpXVCJ9.eyJ1c2VybmFtZSI6IndhbHQxIiwiaWF0IjoxNjc4NTg1MjYzLCJleHAiOjE2Nzg2NzE2NjN9.FWh36VTtxmPwhwCD-ED6lY5CMAr4lbnv--l2pgJhnxw"}]